{
  "tenors": [
    0.0833,
    0.16663428571428573,
    0.24996857142857143,
    0.3333028571428572,
    0.4166371428571429,
    0.49997142857142857,
    0.5833057142857144,
    0.6666400000000001,
    0.7499742857142858,
    0.8333085714285715,
    0.9166428571428572,
    0.999977142857143,
    1.0833114285714287,
    1.1666457142857143,
    1.24998,
    1.3333142857142857,
    1.4166485714285715,
    1.4999828571428573,
    1.5833171428571429,
    1.6666514285714287,
    1.7499857142857143,
    1.83332,
    1.9166542857142859,
    1.9999885714285714,
    2.0833228571428575,
    2.166657142857143,
    2.2499914285714286,
    2.3333257142857144,
    2.4166600000000003,
    2.499994285714286,
    2.5833285714285714,
    2.6666628571428572,
    2.749997142857143,
    2.833331428571429,
    2.9166657142857146,
    3.0
  ],
  "strikes": [
    55.0,
    56.0,
    57.0,
    58.0,
    59.0,
    60.0,
    61.0,
    62.0,
    63.0,
    64.0,
    65.0,
    66.0,
    67.0,
    68.0,
    69.0,
    70.0,
    71.0,
    72.0,
    73.0,
    74.0,
    75.0,
    76.0,
    77.0,
    78.0,
    79.0,
    80.0,
    81.0,
    82.0,
    83.0,
    84.0,
    85.0,
    86.0,
    87.0,
    88.0,
    89.0,
    90.0,
    91.0,
    92.0,
    93.0,
    94.0,
    95.0,
    96.0,
    97.0,
    98.0,
    99.0,
    100.0,
    101.0,
    102.0,
    103.0,
    104.0,
    105.0,
    106.0,
    107.0,
    108.0,
    109.0,
    110.0,
    111.0,
    112.0,
    113.0,
    114.0,
    115.0,
    116.0,
    117.0,
    118.0,
    119.0,
    120.0,
    121.0,
    122.0,
    123.0,
    124.0,
    125.0,
    126.0,
    127.0,
    128.0,
    129.0,
    130.0,
    131.0,
    132.0,
    133.0,
    134.0,
    135.0,
    136.0,
    137.0,
    138.0,
    139.0,
    140.0,
    141.0,
    142.0,
    143.0,
    144.0,
    145.0,
    146.0,
    147.0,
    148.0,
    149.0,
    150.0,
    151.0,
    152.0,
    153.0,
    154.0,
    155.0,
    156.0,
    157.0,
    158.0,
    159.0,
    160.0
  ]
}