{
  "passed": true,
  "issues": [],
  "n_issues": 0,
  "vol_min": 0.17974672572385264,
  "vol_max": 0.28151665110625307,
  "total_var_min": 0.016154442704222956,
  "total_var_max": 0.15850324970015964
}