maturity,T,forward,alpha,beta,rho,nu,rmse,converged
6M,0.5,101.00501670841679,2.0,0.5,-0.3,0.4,0.0,True
1Y,1.0,102.02013400267558,2.0,0.5,-0.3,0.4,0.0,True
2Y,2.0,104.08107741923882,2.0,0.5,-0.3,0.4,0.0,True
